year,labelled_as,actual_state
2020,JAMMU & KASHMIR,JHARKHAND
2020,JHARKHAND,KARNATAKA
2020,KARNATAKA,KERALA
2020,KERALA,MADHYA PRADESH
2020,MADHYA PRADESH,MAHARASHTRA
2020,MAHARASHTRA,MANIPUR
2020,MANIPUR,MEGHALAYA
2020,MEGHALAYA,MIZORAM
2020,MIZORAM,NAGALAND
2020,NAGALAND,ODISHA
2020,ODISHA,PUNJAB
2020,PUNJAB,RAJASTHAN
2020,RAJASTHAN,SIKKIM
2020,SIKKIM,TAMIL NADU
2020,TAMIL NADU,TELANGANA
2020,TELANGANA,TRIPURA
2020,TRIPURA,UTTAR PRADESH
2020,UTTAR PRADESH,UTTARAKHAND
2020,UTTARAKHAND,WEST BENGAL
2020,WEST BENGAL,A & N ISLANDS
2020,A & N ISLANDS,CHANDIGARH
2020,CHANDIGARH,DADRA & NAGAR HAVELI AND DAMAN & DIU
2020,D & N HAVELI,DELHI
2020,DAMAN & DIU,JAMMU & KASHMIR
2020,DELHI UT,LADAKH
2021,JAMMU & KASHMIR,JHARKHAND
2021,JHARKHAND,KARNATAKA
2021,KARNATAKA,KERALA
2021,KERALA,MADHYA PRADESH
2021,MADHYA PRADESH,MAHARASHTRA
2021,MAHARASHTRA,MANIPUR
2021,MANIPUR,MEGHALAYA
2021,MEGHALAYA,MIZORAM
2021,MIZORAM,NAGALAND
2021,NAGALAND,ODISHA
2021,ODISHA,PUNJAB
2021,PUNJAB,RAJASTHAN
2021,RAJASTHAN,SIKKIM
2021,SIKKIM,TAMIL NADU
2021,TAMIL NADU,TELANGANA
2021,TELANGANA,TRIPURA
2021,TRIPURA,UTTAR PRADESH
2021,UTTAR PRADESH,UTTARAKHAND
2021,UTTARAKHAND,WEST BENGAL
2021,WEST BENGAL,A & N ISLANDS
2021,A & N ISLANDS,CHANDIGARH
2021,CHANDIGARH,DADRA & NAGAR HAVELI AND DAMAN & DIU
2021,D & N HAVELI,DELHI
2021,DAMAN & DIU,JAMMU & KASHMIR
2021,DELHI UT,LADAKH
