name_key,state_name,analysis_unit,unit_type
A & N ISLANDS,Andaman & Nicobar Islands,Andaman & Nicobar Islands,Union Territory
ANDAMAN & NICOBAR ISLANDS,Andaman & Nicobar Islands,Andaman & Nicobar Islands,Union Territory
ANDHRA PRADESH,Andhra Pradesh,Andhra Pradesh,State
ARUNACHAL PRADESH,Arunachal Pradesh,Arunachal Pradesh,State
ASSAM,Assam,Assam,State
BIHAR,Bihar,Bihar,State
CHANDIGARH,Chandigarh,Chandigarh,Union Territory
CHHATTISGARH,Chhattisgarh,Chhattisgarh,State
D & N HAVELI,Dadra & Nagar Haveli,Dadra & Nagar Haveli and Daman & Diu,Union Territory
DADRA & NAGAR HAVELI,Dadra & Nagar Haveli,Dadra & Nagar Haveli and Daman & Diu,Union Territory
DADRA & NAGAR HAVELI AND DAMAN & DIU,Dadra & Nagar Haveli and Daman & Diu,Dadra & Nagar Haveli and Daman & Diu,Union Territory
DAMAN & DIU,Daman & Diu,Dadra & Nagar Haveli and Daman & Diu,Union Territory
DELHI,Delhi,Delhi,Union Territory
DELHI UT,Delhi,Delhi,Union Territory
GOA,Goa,Goa,State
GUJARAT,Gujarat,Gujarat,State
HARYANA,Haryana,Haryana,State
HIMACHAL PRADESH,Himachal Pradesh,Himachal Pradesh,State
JAMMU & KASHMIR,Jammu & Kashmir,Jammu & Kashmir,Union Territory
JHARKHAND,Jharkhand,Jharkhand,State
KARNATAKA,Karnataka,Karnataka,State
KERALA,Kerala,Kerala,State
LADAKH,Ladakh,Jammu & Kashmir,Union Territory
LAKSHADWEEP,Lakshadweep,Lakshadweep,Union Territory
MADHYA PRADESH,Madhya Pradesh,Madhya Pradesh,State
MAHARASHTRA,Maharashtra,Maharashtra,State
MANIPUR,Manipur,Manipur,State
MEGHALAYA,Meghalaya,Meghalaya,State
MIZORAM,Mizoram,Mizoram,State
NAGALAND,Nagaland,Nagaland,State
ODISHA,Odisha,Odisha,State
PUDUCHERRY,Puducherry,Puducherry,Union Territory
PUNJAB,Punjab,Punjab,State
RAJASTHAN,Rajasthan,Rajasthan,State
SIKKIM,Sikkim,Sikkim,State
TAMIL NADU,Tamil Nadu,Tamil Nadu,State
TELANGANA,Telangana,Telangana,State
TRIPURA,Tripura,Tripura,State
UTTAR PRADESH,Uttar Pradesh,Uttar Pradesh,State
UTTARAKHAND,Uttarakhand,Uttarakhand,State
WEST BENGAL,West Bengal,West Bengal,State
D & N HAVELI AND DAMAN & DIU,Dadra & Nagar Haveli and Daman & Diu,Dadra & Nagar Haveli and Daman & Diu,Union Territory
